E_nu/GeV_min,E_nu/GeV_max,Dec_nu_min_deg,Dec_nu_max_deg,A_Eff_cm2
2,2.2,-90,-73.74,0
2.2,2.4,-90,-73.74,0
2.4,2.6,-90,-73.74,0
2.6,2.8,-90,-73.74,0.01
2.8,3,-90,-73.74,0
3,3.2,-90,-73.74,0
3.2,3.4,-90,-73.74,0
3.4,3.6,-90,-73.74,0
3.6,3.8,-90,-73.74,1.59
3.8,4,-90,-73.74,0
4,4.2,-90,-73.74,0
4.2,4.4,-90,-73.74,38.72
4.4,4.6,-90,-73.74,502.67
4.6,4.8,-90,-73.74,2717.25
4.8,5,-90,-73.74,12138.18
5,5.2,-90,-73.74,38937.84
5.2,5.4,-90,-73.74,104315.44
5.4,5.6,-90,-73.74,220672.65
5.6,5.8,-90,-73.74,408528.53
5.8,6,-90,-73.74,638076.21
6,6.2,-90,-73.74,913666.1
6.2,6.4,-90,-73.74,1243496.42
6.4,6.6,-90,-73.74,1688210.32
6.6,6.8,-90,-73.74,2215859.74
6.8,7,-90,-73.74,2860480.66
7,7.2,-90,-73.74,3800378.78
7.2,7.4,-90,-73.74,4596104.33
7.4,7.6,-90,-73.74,5652470.16
7.6,7.8,-90,-73.74,7048340.72
7.8,8,-90,-73.74,8355601.97
8,8.2,-90,-73.74,9995203.09
8.2,8.4,-90,-73.74,11590898.75
8.4,8.6,-90,-73.74,13776945.68
8.6,8.8,-90,-73.74,16423822.51
8.8,9,-90,-73.74,18607167.84
9,9.2,-90,-73.74,0
9.2,9.4,-90,-73.74,0
9.4,9.6,-90,-73.74,0
9.6,9.8,-90,-73.74,0
9.8,10,-90,-73.74,0
2,2.2,-73.74,-66.93,0
2.2,2.4,-73.74,-66.93,0
2.4,2.6,-73.74,-66.93,0
2.6,2.8,-73.74,-66.93,0
2.8,3,-73.74,-66.93,0
3,3.2,-73.74,-66.93,0
3.2,3.4,-73.74,-66.93,0
3.4,3.6,-73.74,-66.93,0.17
3.6,3.8,-73.74,-66.93,0.5
3.8,4,-73.74,-66.93,0.82
4,4.2,-73.74,-66.93,0
4.2,4.4,-73.74,-66.93,4.08
4.4,4.6,-73.74,-66.93,92.24
4.6,4.8,-73.74,-66.93,717.63
4.8,5,-73.74,-66.93,3825.51
5,5.2,-73.74,-66.93,17123.13
5.2,5.4,-73.74,-66.93,58416.18
5.4,5.6,-73.74,-66.93,147069.83
5.6,5.8,-73.74,-66.93,316056.77
5.8,6,-73.74,-66.93,549391.74
6,6.2,-73.74,-66.93,844107.69
6.2,6.4,-73.74,-66.93,1208280.32
6.4,6.6,-73.74,-66.93,1674857.16
6.6,6.8,-73.74,-66.93,2228498.93
6.8,7,-73.74,-66.93,2940557.96
7,7.2,-73.74,-66.93,3891274.59
7.2,7.4,-73.74,-66.93,4893096.13
7.4,7.6,-73.74,-66.93,5971005.09
7.6,7.8,-73.74,-66.93,7107192.57
7.8,8,-73.74,-66.93,8749765.23
8,8.2,-73.74,-66.93,10013178.29
8.2,8.4,-73.74,-66.93,12948979.44
8.4,8.6,-73.74,-66.93,14898807.91
8.6,8.8,-73.74,-66.93,17039911.78
8.8,9,-73.74,-66.93,20004762.4
9,9.2,-73.74,-66.93,0
9.2,9.4,-73.74,-66.93,0
9.4,9.6,-73.74,-66.93,0
9.6,9.8,-73.74,-66.93,0
9.8,10,-73.74,-66.93,0
2,2.2,-66.93,-61.64,0
2.2,2.4,-66.93,-61.64,0
2.4,2.6,-66.93,-61.64,0
2.6,2.8,-66.93,-61.64,0
2.8,3,-66.93,-61.64,0.02
3,3.2,-66.93,-61.64,0
3.2,3.4,-66.93,-61.64,0
3.4,3.6,-66.93,-61.64,0.84
3.6,3.8,-66.93,-61.64,0
3.8,4,-66.93,-61.64,0
4,4.2,-66.93,-61.64,0
4.2,4.4,-66.93,-61.64,0
4.4,4.6,-66.93,-61.64,32.3
4.6,4.8,-66.93,-61.64,388.69
4.8,5,-66.93,-61.64,2585.63
5,5.2,-66.93,-61.64,11351.33
5.2,5.4,-66.93,-61.64,44422.92
5.4,5.6,-66.93,-61.64,130759.14
5.6,5.8,-66.93,-61.64,273441.59
5.8,6,-66.93,-61.64,514243.08
6,6.2,-66.93,-61.64,808272.38
6.2,6.4,-66.93,-61.64,1174504.29
6.4,6.6,-66.93,-61.64,1689175.12
6.6,6.8,-66.93,-61.64,2327773.7
6.8,7,-66.93,-61.64,3008584.23
7,7.2,-66.93,-61.64,3816374.83
7.2,7.4,-66.93,-61.64,5012576.7
7.4,7.6,-66.93,-61.64,6487423.67
7.6,7.8,-66.93,-61.64,6875646.71
7.8,8,-66.93,-61.64,8834587.6
8,8.2,-66.93,-61.64,11155575.15
8.2,8.4,-66.93,-61.64,12673846.47
8.4,8.6,-66.93,-61.64,16170249.6
8.6,8.8,-66.93,-61.64,17289348.84
8.8,9,-66.93,-61.64,21792354.35
9,9.2,-66.93,-61.64,0
9.2,9.4,-66.93,-61.64,0
9.4,9.6,-66.93,-61.64,0
9.6,9.8,-66.93,-61.64,0
9.8,10,-66.93,-61.64,0
2,2.2,-61.64,-57.14,0
2.2,2.4,-61.64,-57.14,0
2.4,2.6,-61.64,-57.14,0
2.6,2.8,-61.64,-57.14,0
2.8,3,-61.64,-57.14,0
3,3.2,-61.64,-57.14,0
3.2,3.4,-61.64,-57.14,0
3.4,3.6,-61.64,-57.14,0
3.6,3.8,-61.64,-57.14,0.56
3.8,4,-61.64,-57.14,0
4,4.2,-61.64,-57.14,4.25
4.2,4.4,-61.64,-57.14,0
4.4,4.6,-61.64,-57.14,40.36
4.6,4.8,-61.64,-57.14,262.37
4.8,5,-61.64,-57.14,2076.97
5,5.2,-61.64,-57.14,9028.45
5.2,5.4,-61.64,-57.14,36226.48
5.4,5.6,-61.64,-57.14,109692.8
5.6,5.8,-61.64,-57.14,247433.47
5.8,6,-61.64,-57.14,474885.24
6,6.2,-61.64,-57.14,801543.75
6.2,6.4,-61.64,-57.14,1201108.06
6.4,6.6,-61.64,-57.14,1719678.63
6.6,6.8,-61.64,-57.14,2337706.1
6.8,7,-61.64,-57.14,3032657.56
7,7.2,-61.64,-57.14,3832165.55
7.2,7.4,-61.64,-57.14,5009107.96
7.4,7.6,-61.64,-57.14,5882843.9
7.6,7.8,-61.64,-57.14,7855991.11
7.8,8,-61.64,-57.14,9988796.63
8,8.2,-61.64,-57.14,11515830.15
8.2,8.4,-61.64,-57.14,14443441.48
8.4,8.6,-61.64,-57.14,17281293.93
8.6,8.8,-61.64,-57.14,19505123.77
8.8,9,-61.64,-57.14,22800264.05
9,9.2,-61.64,-57.14,0
9.2,9.4,-61.64,-57.14,0
9.4,9.6,-61.64,-57.14,0
9.6,9.8,-61.64,-57.14,0
9.8,10,-61.64,-57.14,0
2,2.2,-57.14,-53.13,0
2.2,2.4,-57.14,-53.13,0
2.4,2.6,-57.14,-53.13,0
2.6,2.8,-57.14,-53.13,0
2.8,3,-57.14,-53.13,0
3,3.2,-57.14,-53.13,0.1
3.2,3.4,-57.14,-53.13,0.17
3.4,3.6,-57.14,-53.13,0.48
3.6,3.8,-57.14,-53.13,0
3.8,4,-57.14,-53.13,0.71
4,4.2,-57.14,-53.13,0
4.2,4.4,-57.14,-53.13,8.31
4.4,4.6,-57.14,-53.13,13.39
4.6,4.8,-57.14,-53.13,224.87
4.8,5,-57.14,-53.13,1895.65
5,5.2,-57.14,-53.13,7480.36
5.2,5.4,-57.14,-53.13,37842.63
5.4,5.6,-57.14,-53.13,98607.21
5.6,5.8,-57.14,-53.13,248866.79
5.8,6,-57.14,-53.13,478991.88
6,6.2,-57.14,-53.13,779285.64
6.2,6.4,-57.14,-53.13,1215251.99
6.4,6.6,-57.14,-53.13,1765499.54
6.6,6.8,-57.14,-53.13,2411014.72
6.8,7,-57.14,-53.13,3185152.65
7,7.2,-57.14,-53.13,4298041.58
7.2,7.4,-57.14,-53.13,5185767.34
7.4,7.6,-57.14,-53.13,6769584.79
7.6,7.8,-57.14,-53.13,7970043.7
7.8,8,-57.14,-53.13,10350689.62
8,8.2,-57.14,-53.13,12492731.81
8.2,8.4,-57.14,-53.13,14511997.37
8.4,8.6,-57.14,-53.13,17082837.85
8.6,8.8,-57.14,-53.13,20798487.78
8.8,9,-57.14,-53.13,22842431.28
9,9.2,-57.14,-53.13,0
9.2,9.4,-57.14,-53.13,0
9.4,9.6,-57.14,-53.13,0
9.6,9.8,-57.14,-53.13,0
9.8,10,-57.14,-53.13,0
2,2.2,-53.13,-49.46,0
2.2,2.4,-53.13,-49.46,0
2.4,2.6,-53.13,-49.46,0
2.6,2.8,-53.13,-49.46,0
2.8,3,-53.13,-49.46,0
3,3.2,-53.13,-49.46,0.06
3.2,3.4,-53.13,-49.46,0.13
3.4,3.6,-53.13,-49.46,0
3.6,3.8,-53.13,-49.46,0
3.8,4,-53.13,-49.46,0
4,4.2,-53.13,-49.46,0
4.2,4.4,-53.13,-49.46,0
4.4,4.6,-53.13,-49.46,39.71
4.6,4.8,-53.13,-49.46,248
4.8,5,-53.13,-49.46,1581.44
5,5.2,-53.13,-49.46,8215.96
5.2,5.4,-53.13,-49.46,33080.08
5.4,5.6,-53.13,-49.46,103523.28
5.6,5.8,-53.13,-49.46,241186.69
5.8,6,-53.13,-49.46,453638.16
6,6.2,-53.13,-49.46,807912.31
6.2,6.4,-53.13,-49.46,1277724.41
6.4,6.6,-53.13,-49.46,1823822.36
6.6,6.8,-53.13,-49.46,2589271.33
6.8,7,-53.13,-49.46,3368045.7
7,7.2,-53.13,-49.46,4344921.95
7.2,7.4,-53.13,-49.46,5489245.13
7.4,7.6,-53.13,-49.46,6920690.63
7.6,7.8,-53.13,-49.46,8557547.93
7.8,8,-53.13,-49.46,10727021.34
8,8.2,-53.13,-49.46,12173190.71
8.2,8.4,-53.13,-49.46,15590244.58
8.4,8.6,-53.13,-49.46,19215770.56
8.6,8.8,-53.13,-49.46,21539766.17
8.8,9,-53.13,-49.46,21907962.18
9,9.2,-53.13,-49.46,0
9.2,9.4,-53.13,-49.46,0
9.4,9.6,-53.13,-49.46,0
9.6,9.8,-53.13,-49.46,0
9.8,10,-53.13,-49.46,0
2,2.2,-49.46,-46.05,0
2.2,2.4,-49.46,-46.05,0
2.4,2.6,-49.46,-46.05,0
2.6,2.8,-49.46,-46.05,0
2.8,3,-49.46,-46.05,0
3,3.2,-49.46,-46.05,0
3.2,3.4,-49.46,-46.05,0.2
3.4,3.6,-49.46,-46.05,0.57
3.6,3.8,-49.46,-46.05,0.53
3.8,4,-49.46,-46.05,3.06
4,4.2,-49.46,-46.05,6.02
4.2,4.4,-49.46,-46.05,0
4.4,4.6,-49.46,-46.05,10.17
4.6,4.8,-49.46,-46.05,47.19
4.8,5,-49.46,-46.05,1740.78
5,5.2,-49.46,-46.05,8506.26
5.2,5.4,-49.46,-46.05,35594.83
5.4,5.6,-49.46,-46.05,94906.67
5.6,5.8,-49.46,-46.05,243730.61
5.8,6,-49.46,-46.05,462327.11
6,6.2,-49.46,-46.05,840106.99
6.2,6.4,-49.46,-46.05,1326694.93
6.4,6.6,-49.46,-46.05,1804627.93
6.6,6.8,-49.46,-46.05,2595790.1
6.8,7,-49.46,-46.05,3430753.78
7,7.2,-49.46,-46.05,4242006.31
7.2,7.4,-49.46,-46.05,6063188.78
7.4,7.6,-49.46,-46.05,7568637.75
7.6,7.8,-49.46,-46.05,9000542.6
7.8,8,-49.46,-46.05,10939319.12
8,8.2,-49.46,-46.05,13792663.87
8.2,8.4,-49.46,-46.05,16266766.63
8.4,8.6,-49.46,-46.05,18491540.3
8.6,8.8,-49.46,-46.05,23696236.74
8.8,9,-49.46,-46.05,23722684.52
9,9.2,-49.46,-46.05,0
9.2,9.4,-49.46,-46.05,0
9.4,9.6,-49.46,-46.05,0
9.6,9.8,-49.46,-46.05,0
9.8,10,-49.46,-46.05,0
2,2.2,-46.05,-42.84,0
2.2,2.4,-46.05,-42.84,0
2.4,2.6,-46.05,-42.84,0
2.6,2.8,-46.05,-42.84,0
2.8,3,-46.05,-42.84,0
3,3.2,-46.05,-42.84,0.1
3.2,3.4,-46.05,-42.84,0
3.4,3.6,-46.05,-42.84,0.45
3.6,3.8,-46.05,-42.84,0.36
3.8,4,-46.05,-42.84,0
4,4.2,-46.05,-42.84,0
4.2,4.4,-46.05,-42.84,9.04
4.4,4.6,-46.05,-42.84,18.76
4.6,4.8,-46.05,-42.84,338.42
4.8,5,-46.05,-42.84,1284.76
5,5.2,-46.05,-42.84,8535
5.2,5.4,-46.05,-42.84,34130.31
5.4,5.6,-46.05,-42.84,107132.83
5.6,5.8,-46.05,-42.84,244822.96
5.8,6,-46.05,-42.84,501802.43
6,6.2,-46.05,-42.84,892266.82
6.2,6.4,-46.05,-42.84,1368078.44
6.4,6.6,-46.05,-42.84,1987904.06
6.6,6.8,-46.05,-42.84,2772271.59
6.8,7,-46.05,-42.84,3698400.95
7,7.2,-46.05,-42.84,4394042.15
7.2,7.4,-46.05,-42.84,6253449.21
7.4,7.6,-46.05,-42.84,7447046.06
7.6,7.8,-46.05,-42.84,10241285.59
7.8,8,-46.05,-42.84,11118676.78
8,8.2,-46.05,-42.84,13215783.48
8.2,8.4,-46.05,-42.84,16392284.62
8.4,8.6,-46.05,-42.84,18205855.64
8.6,8.8,-46.05,-42.84,23560454.66
8.8,9,-46.05,-42.84,27505278.17
9,9.2,-46.05,-42.84,0
9.2,9.4,-46.05,-42.84,0
9.4,9.6,-46.05,-42.84,0
9.6,9.8,-46.05,-42.84,0
9.8,10,-46.05,-42.84,0
2,2.2,-42.84,-39.79,0
2.2,2.4,-42.84,-39.79,0
2.4,2.6,-42.84,-39.79,0
2.6,2.8,-42.84,-39.79,0
2.8,3,-42.84,-39.79,0
3,3.2,-42.84,-39.79,0
3.2,3.4,-42.84,-39.79,0.35
3.4,3.6,-42.84,-39.79,0
3.6,3.8,-42.84,-39.79,0
3.8,4,-42.84,-39.79,0.8
4,4.2,-42.84,-39.79,0
4.2,4.4,-42.84,-39.79,6.48
4.4,4.6,-42.84,-39.79,14.15
4.6,4.8,-42.84,-39.79,78.39
4.8,5,-42.84,-39.79,1274.85
5,5.2,-42.84,-39.79,10558.11
5.2,5.4,-42.84,-39.79,41464.18
5.4,5.6,-42.84,-39.79,108485.86
5.6,5.8,-42.84,-39.79,261983.39
5.8,6,-42.84,-39.79,530971.42
6,6.2,-42.84,-39.79,895360.29
6.2,6.4,-42.84,-39.79,1477970.81
6.4,6.6,-42.84,-39.79,2082614.84
6.6,6.8,-42.84,-39.79,2851692.59
6.8,7,-42.84,-39.79,3806369.95
7,7.2,-42.84,-39.79,4913333
7.2,7.4,-42.84,-39.79,6284823.61
7.4,7.6,-42.84,-39.79,8267427.09
7.6,7.8,-42.84,-39.79,9708634.66
7.8,8,-42.84,-39.79,11699660.5
8,8.2,-42.84,-39.79,14233336.58
8.2,8.4,-42.84,-39.79,18454685.33
8.4,8.6,-42.84,-39.79,21347498.26
8.6,8.8,-42.84,-39.79,22150848.75
8.8,9,-42.84,-39.79,28300628.47
9,9.2,-42.84,-39.79,0
9.2,9.4,-42.84,-39.79,0
9.4,9.6,-42.84,-39.79,0
9.6,9.8,-42.84,-39.79,0
9.8,10,-42.84,-39.79,0
2,2.2,-39.79,-36.87,0
2.2,2.4,-39.79,-36.87,0
2.4,2.6,-39.79,-36.87,0
2.6,2.8,-39.79,-36.87,0
2.8,3,-39.79,-36.87,0
3,3.2,-39.79,-36.87,0
3.2,3.4,-39.79,-36.87,0.26
3.4,3.6,-39.79,-36.87,0.93
3.6,3.8,-39.79,-36.87,0
3.8,4,-39.79,-36.87,0
4,4.2,-39.79,-36.87,0
4.2,4.4,-39.79,-36.87,10.97
4.4,4.6,-39.79,-36.87,26.1
4.6,4.8,-39.79,-36.87,295.75
4.8,5,-39.79,-36.87,1845.41
5,5.2,-39.79,-36.87,11088.51
5.2,5.4,-39.79,-36.87,41102.68
5.4,5.6,-39.79,-36.87,110230.86
5.6,5.8,-39.79,-36.87,299097.66
5.8,6,-39.79,-36.87,577336.24
6,6.2,-39.79,-36.87,979170.78
6.2,6.4,-39.79,-36.87,1591856.88
6.4,6.6,-39.79,-36.87,2259440.53
6.6,6.8,-39.79,-36.87,3106485.56
6.8,7,-39.79,-36.87,4121467.74
7,7.2,-39.79,-36.87,5389344.29
7.2,7.4,-39.79,-36.87,7145936.89
7.4,7.6,-39.79,-36.87,8365309.93
7.6,7.8,-39.79,-36.87,10122263.81
7.8,8,-39.79,-36.87,13216242.19
8,8.2,-39.79,-36.87,14971952.8
8.2,8.4,-39.79,-36.87,17414447.28
8.4,8.6,-39.79,-36.87,22491808.21
8.6,8.8,-39.79,-36.87,24196627.9
8.8,9,-39.79,-36.87,30307657.73
9,9.2,-39.79,-36.87,0
9.2,9.4,-39.79,-36.87,0
9.4,9.6,-39.79,-36.87,0
9.6,9.8,-39.79,-36.87,0
9.8,10,-39.79,-36.87,0
2,2.2,-36.87,-34.06,0
2.2,2.4,-36.87,-34.06,0
2.4,2.6,-36.87,-34.06,0
2.6,2.8,-36.87,-34.06,0
2.8,3,-36.87,-34.06,0
3,3.2,-36.87,-34.06,0.05
3.2,3.4,-36.87,-34.06,0
3.4,3.6,-36.87,-34.06,0
3.6,3.8,-36.87,-34.06,0
3.8,4,-36.87,-34.06,4.94
4,4.2,-36.87,-34.06,0
4.2,4.4,-36.87,-34.06,0
4.4,4.6,-36.87,-34.06,63.64
4.6,4.8,-36.87,-34.06,300.55
4.8,5,-36.87,-34.06,1716.79
5,5.2,-36.87,-34.06,11925.45
5.2,5.4,-36.87,-34.06,50701.52
5.4,5.6,-36.87,-34.06,137441.77
5.6,5.8,-36.87,-34.06,342026.38
5.8,6,-36.87,-34.06,631275.26
6,6.2,-36.87,-34.06,1087374.98
6.2,6.4,-36.87,-34.06,1719713.89
6.4,6.6,-36.87,-34.06,2369821.75
6.6,6.8,-36.87,-34.06,3187896.93
6.8,7,-36.87,-34.06,4383351.27
7,7.2,-36.87,-34.06,5616324.27
7.2,7.4,-36.87,-34.06,7254695.61
7.4,7.6,-36.87,-34.06,8203072.05
7.6,7.8,-36.87,-34.06,10959446.13
7.8,8,-36.87,-34.06,13666436.27
8,8.2,-36.87,-34.06,16064011.89
8.2,8.4,-36.87,-34.06,19686059.75
8.4,8.6,-36.87,-34.06,22823425.72
8.6,8.8,-36.87,-34.06,27595600.95
8.8,9,-36.87,-34.06,31223366.34
9,9.2,-36.87,-34.06,0
9.2,9.4,-36.87,-34.06,0
9.4,9.6,-36.87,-34.06,0
9.6,9.8,-36.87,-34.06,0
9.8,10,-36.87,-34.06,0
2,2.2,-34.06,-31.33,0
2.2,2.4,-34.06,-31.33,0
2.4,2.6,-34.06,-31.33,0
2.6,2.8,-34.06,-31.33,0
2.8,3,-34.06,-31.33,0.02
3,3.2,-34.06,-31.33,0
3.2,3.4,-34.06,-31.33,0
3.4,3.6,-34.06,-31.33,0
3.6,3.8,-34.06,-31.33,0
3.8,4,-34.06,-31.33,1.29
4,4.2,-34.06,-31.33,6.82
4.2,4.4,-34.06,-31.33,0
4.4,4.6,-34.06,-31.33,10.43
4.6,4.8,-34.06,-31.33,335.68
4.8,5,-34.06,-31.33,3073.21
5,5.2,-34.06,-31.33,13389.47
5.2,5.4,-34.06,-31.33,49816.09
5.4,5.6,-34.06,-31.33,170376.72
5.6,5.8,-34.06,-31.33,375828.24
5.8,6,-34.06,-31.33,708148.06
6,6.2,-34.06,-31.33,1219925.18
6.2,6.4,-34.06,-31.33,1799014.84
6.4,6.6,-34.06,-31.33,2603594.1
6.6,6.8,-34.06,-31.33,3524068.53
6.8,7,-34.06,-31.33,4523097.44
7,7.2,-34.06,-31.33,5840383.54
7.2,7.4,-34.06,-31.33,8053061.03
7.4,7.6,-34.06,-31.33,9998504.96
7.6,7.8,-34.06,-31.33,13058064.84
7.8,8,-34.06,-31.33,15411807.1
8,8.2,-34.06,-31.33,18266472.38
8.2,8.4,-34.06,-31.33,21125571.38
8.4,8.6,-34.06,-31.33,23374770.97
8.6,8.8,-34.06,-31.33,27534644.91
8.8,9,-34.06,-31.33,34001591.39
9,9.2,-34.06,-31.33,0
9.2,9.4,-34.06,-31.33,0
9.4,9.6,-34.06,-31.33,0
9.6,9.8,-34.06,-31.33,0
9.8,10,-34.06,-31.33,0
2,2.2,-31.33,-28.69,0
2.2,2.4,-31.33,-28.69,0
2.4,2.6,-31.33,-28.69,0
2.6,2.8,-31.33,-28.69,0
2.8,3,-31.33,-28.69,0
3,3.2,-31.33,-28.69,0
3.2,3.4,-31.33,-28.69,0.09
3.4,3.6,-31.33,-28.69,0.38
3.6,3.8,-31.33,-28.69,0
3.8,4,-31.33,-28.69,2.93
4,4.2,-31.33,-28.69,0
4.2,4.4,-31.33,-28.69,26
4.4,4.6,-31.33,-28.69,87.17
4.6,4.8,-31.33,-28.69,450.68
4.8,5,-31.33,-28.69,2673.5
5,5.2,-31.33,-28.69,16842.54
5.2,5.4,-31.33,-28.69,68997.25
5.4,5.6,-31.33,-28.69,189622.19
5.6,5.8,-31.33,-28.69,408773.59
5.8,6,-31.33,-28.69,771698.9
6,6.2,-31.33,-28.69,1317128.49
6.2,6.4,-31.33,-28.69,2004270.5
6.4,6.6,-31.33,-28.69,2781096.75
6.6,6.8,-31.33,-28.69,3788511.82
6.8,7,-31.33,-28.69,5108748.91
7,7.2,-31.33,-28.69,6265580.44
7.2,7.4,-31.33,-28.69,8071865.76
7.4,7.6,-31.33,-28.69,10722610.39
7.6,7.8,-31.33,-28.69,13488866.43
7.8,8,-31.33,-28.69,15195944.17
8,8.2,-31.33,-28.69,18037042.99
8.2,8.4,-31.33,-28.69,22926350.42
8.4,8.6,-31.33,-28.69,26687317.27
8.6,8.8,-31.33,-28.69,32116879.05
8.8,9,-31.33,-28.69,40215347.18
9,9.2,-31.33,-28.69,0
9.2,9.4,-31.33,-28.69,0
9.4,9.6,-31.33,-28.69,0
9.6,9.8,-31.33,-28.69,0
9.8,10,-31.33,-28.69,0
2,2.2,-28.69,-26.1,0
2.2,2.4,-28.69,-26.1,0
2.4,2.6,-28.69,-26.1,0
2.6,2.8,-28.69,-26.1,0
2.8,3,-28.69,-26.1,0.06
3,3.2,-28.69,-26.1,0
3.2,3.4,-28.69,-26.1,0.35
3.4,3.6,-28.69,-26.1,0.35
3.6,3.8,-28.69,-26.1,1.05
3.8,4,-28.69,-26.1,0
4,4.2,-28.69,-26.1,6.46
4.2,4.4,-28.69,-26.1,11.69
4.4,4.6,-28.69,-26.1,77.31
4.6,4.8,-28.69,-26.1,452.11
4.8,5,-28.69,-26.1,3384.09
5,5.2,-28.69,-26.1,22704.84
5.2,5.4,-28.69,-26.1,82930.3
5.4,5.6,-28.69,-26.1,217683.55
5.6,5.8,-28.69,-26.1,458263.02
5.8,6,-28.69,-26.1,917791.98
6,6.2,-28.69,-26.1,1443200.35
6.2,6.4,-28.69,-26.1,2103362.91
6.4,6.6,-28.69,-26.1,3013545.98
6.6,6.8,-28.69,-26.1,4190200.76
6.8,7,-28.69,-26.1,5433877.26
7,7.2,-28.69,-26.1,6634064.49
7.2,7.4,-28.69,-26.1,8360870.71
7.4,7.6,-28.69,-26.1,11272576.55
7.6,7.8,-28.69,-26.1,13824238.38
7.8,8,-28.69,-26.1,16955309.53
8,8.2,-28.69,-26.1,20409286.9
8.2,8.4,-28.69,-26.1,24052402.16
8.4,8.6,-28.69,-26.1,31533217.06
8.6,8.8,-28.69,-26.1,34331692.99
8.8,9,-28.69,-26.1,43665502.67
9,9.2,-28.69,-26.1,0
9.2,9.4,-28.69,-26.1,0
9.4,9.6,-28.69,-26.1,0
9.6,9.8,-28.69,-26.1,0
9.8,10,-28.69,-26.1,0
2,2.2,-26.1,-23.58,0
2.2,2.4,-26.1,-23.58,0
2.4,2.6,-26.1,-23.58,0
2.6,2.8,-26.1,-23.58,0
2.8,3,-26.1,-23.58,0.07
3,3.2,-26.1,-23.58,0
3.2,3.4,-26.1,-23.58,0
3.4,3.6,-26.1,-23.58,1.28
3.6,3.8,-26.1,-23.58,1.54
3.8,4,-26.1,-23.58,1.72
4,4.2,-26.1,-23.58,8.85
4.2,4.4,-26.1,-23.58,0
4.4,4.6,-26.1,-23.58,56.47
4.6,4.8,-26.1,-23.58,644.38
4.8,5,-26.1,-23.58,6285.47
5,5.2,-26.1,-23.58,28481.68
5.2,5.4,-26.1,-23.58,98682.71
5.4,5.6,-26.1,-23.58,247988.79
5.6,5.8,-26.1,-23.58,530336.76
5.8,6,-26.1,-23.58,976908.11
6,6.2,-26.1,-23.58,1601318.89
6.2,6.4,-26.1,-23.58,2332813.03
6.4,6.6,-26.1,-23.58,3283777.55
6.6,6.8,-26.1,-23.58,4296285.01
6.8,7,-26.1,-23.58,5758383.11
7,7.2,-26.1,-23.58,7531321.98
7.2,7.4,-26.1,-23.58,10182047.34
7.4,7.6,-26.1,-23.58,12386095.6
7.6,7.8,-26.1,-23.58,15013323.62
7.8,8,-26.1,-23.58,18972796.67
8,8.2,-26.1,-23.58,22157054.3
8.2,8.4,-26.1,-23.58,24878742.01
8.4,8.6,-26.1,-23.58,30800201.98
8.6,8.8,-26.1,-23.58,39203681.55
8.8,9,-26.1,-23.58,45933117.66
9,9.2,-26.1,-23.58,0
9.2,9.4,-26.1,-23.58,0
9.4,9.6,-26.1,-23.58,0
9.6,9.8,-26.1,-23.58,0
9.8,10,-26.1,-23.58,0
2,2.2,-23.58,-21.1,0
2.2,2.4,-23.58,-21.1,0
2.4,2.6,-23.58,-21.1,0
2.6,2.8,-23.58,-21.1,0
2.8,3,-23.58,-21.1,0
3,3.2,-23.58,-21.1,0
3.2,3.4,-23.58,-21.1,0
3.4,3.6,-23.58,-21.1,0.99
3.6,3.8,-23.58,-21.1,1.4
3.8,4,-23.58,-21.1,0
4,4.2,-23.58,-21.1,8.17
4.2,4.4,-23.58,-21.1,27.65
4.4,4.6,-23.58,-21.1,105.96
4.6,4.8,-23.58,-21.1,1119.92
4.8,5,-23.58,-21.1,7855.9
5,5.2,-23.58,-21.1,37325.85
5.2,5.4,-23.58,-21.1,117444.09
5.4,5.6,-23.58,-21.1,298131.41
5.6,5.8,-23.58,-21.1,608670.33
5.8,6,-23.58,-21.1,1038791.75
6,6.2,-23.58,-21.1,1746687.82
6.2,6.4,-23.58,-21.1,2496910.84
6.4,6.6,-23.58,-21.1,3566528.96
6.6,6.8,-23.58,-21.1,4753747.6
6.8,7,-23.58,-21.1,6427957.33
7,7.2,-23.58,-21.1,8258415.52
7.2,7.4,-23.58,-21.1,10562889.56
7.4,7.6,-23.58,-21.1,13208092.77
7.6,7.8,-23.58,-21.1,15131845.26
7.8,8,-23.58,-21.1,20104060.47
8,8.2,-23.58,-21.1,24508964.5
8.2,8.4,-23.58,-21.1,28594844.61
8.4,8.6,-23.58,-21.1,33894595.98
8.6,8.8,-23.58,-21.1,40129340.33
8.8,9,-23.58,-21.1,47421998.78
9,9.2,-23.58,-21.1,0
9.2,9.4,-23.58,-21.1,0
9.4,9.6,-23.58,-21.1,0
9.6,9.8,-23.58,-21.1,0
9.8,10,-23.58,-21.1,0
2,2.2,-21.1,-18.66,0
2.2,2.4,-21.1,-18.66,0
2.4,2.6,-21.1,-18.66,0.01
2.6,2.8,-21.1,-18.66,0
2.8,3,-21.1,-18.66,0.07
3,3.2,-21.1,-18.66,0.28
3.2,3.4,-21.1,-18.66,0.1
3.4,3.6,-21.1,-18.66,0
3.6,3.8,-21.1,-18.66,1.52
3.8,4,-21.1,-18.66,2.06
4,4.2,-21.1,-18.66,0
4.2,4.4,-21.1,-18.66,0
4.4,4.6,-21.1,-18.66,106.97
4.6,4.8,-21.1,-18.66,2061.62
4.8,5,-21.1,-18.66,13640.24
5,5.2,-21.1,-18.66,55720.14
5.2,5.4,-21.1,-18.66,145486.64
5.4,5.6,-21.1,-18.66,354309.85
5.6,5.8,-21.1,-18.66,709689.73
5.8,6,-21.1,-18.66,1210408.41
6,6.2,-21.1,-18.66,1876441.96
6.2,6.4,-21.1,-18.66,2768916.47
6.4,6.6,-21.1,-18.66,3947631.33
6.6,6.8,-21.1,-18.66,5228608.21
6.8,7,-21.1,-18.66,6962152.45
7,7.2,-21.1,-18.66,8823196.31
7.2,7.4,-21.1,-18.66,11387014.91
7.4,7.6,-21.1,-18.66,15354490.98
7.6,7.8,-21.1,-18.66,18462114.44
7.8,8,-21.1,-18.66,22754650.78
8,8.2,-21.1,-18.66,26561807.26
8.2,8.4,-21.1,-18.66,31245038.76
8.4,8.6,-21.1,-18.66,38738976.72
8.6,8.8,-21.1,-18.66,46133507.2
8.8,9,-21.1,-18.66,55441901.91
9,9.2,-21.1,-18.66,0
9.2,9.4,-21.1,-18.66,0
9.4,9.6,-21.1,-18.66,0
9.6,9.8,-21.1,-18.66,0
9.8,10,-21.1,-18.66,0
2,2.2,-18.66,-16.26,0
2.2,2.4,-18.66,-16.26,0
2.4,2.6,-18.66,-16.26,0
2.6,2.8,-18.66,-16.26,0
2.8,3,-18.66,-16.26,0
3,3.2,-18.66,-16.26,0
3.2,3.4,-18.66,-16.26,1.1
3.4,3.6,-18.66,-16.26,0
3.6,3.8,-18.66,-16.26,0
3.8,4,-18.66,-16.26,0
4,4.2,-18.66,-16.26,44.34
4.2,4.4,-18.66,-16.26,33.5
4.4,4.6,-18.66,-16.26,898.34
4.6,4.8,-18.66,-16.26,5004.91
4.8,5,-18.66,-16.26,27219.84
5,5.2,-18.66,-16.26,95784.22
5.2,5.4,-18.66,-16.26,215412.55
5.4,5.6,-18.66,-16.26,463349.89
5.6,5.8,-18.66,-16.26,844562.55
5.8,6,-18.66,-16.26,1389698.46
6,6.2,-18.66,-16.26,2177848.43
6.2,6.4,-18.66,-16.26,3074761.5
6.4,6.6,-18.66,-16.26,4385663.84
6.6,6.8,-18.66,-16.26,5904417.93
6.8,7,-18.66,-16.26,7955146.89
7,7.2,-18.66,-16.26,9783049.15
7.2,7.4,-18.66,-16.26,13156428.61
7.4,7.6,-18.66,-16.26,15332447.3
7.6,7.8,-18.66,-16.26,20035884.05
7.8,8,-18.66,-16.26,25012746.62
8,8.2,-18.66,-16.26,30517442.05
8.2,8.4,-18.66,-16.26,35883244.1
8.4,8.6,-18.66,-16.26,43230433.42
8.6,8.8,-18.66,-16.26,47768888.42
8.8,9,-18.66,-16.26,64262017.69
9,9.2,-18.66,-16.26,0
9.2,9.4,-18.66,-16.26,0
9.4,9.6,-18.66,-16.26,0
9.6,9.8,-18.66,-16.26,0
9.8,10,-18.66,-16.26,0
2,2.2,-16.26,-13.89,0
2.2,2.4,-16.26,-13.89,0.01
2.4,2.6,-16.26,-13.89,0.01
2.6,2.8,-16.26,-13.89,0.01
2.8,3,-16.26,-13.89,0.03
3,3.2,-16.26,-13.89,0.06
3.2,3.4,-16.26,-13.89,0
3.4,3.6,-16.26,-13.89,0.56
3.6,3.8,-16.26,-13.89,3.88
3.8,4,-16.26,-13.89,2.92
4,4.2,-16.26,-13.89,13.19
4.2,4.4,-16.26,-13.89,204.66
4.4,4.6,-16.26,-13.89,1518.19
4.6,4.8,-16.26,-13.89,11254.36
4.8,5,-16.26,-13.89,35956.07
5,5.2,-16.26,-13.89,112973.27
5.2,5.4,-16.26,-13.89,264960.82
5.4,5.6,-16.26,-13.89,540228.2
5.6,5.8,-16.26,-13.89,1005983.74
5.8,6,-16.26,-13.89,1582244.53
6,6.2,-16.26,-13.89,2391568.31
6.2,6.4,-16.26,-13.89,3470286.32
6.4,6.6,-16.26,-13.89,4905965.61
6.6,6.8,-16.26,-13.89,6612212.96
6.8,7,-16.26,-13.89,8854006.14
7,7.2,-16.26,-13.89,11597822.37
7.2,7.4,-16.26,-13.89,13926688.04
7.4,7.6,-16.26,-13.89,17872939.75
7.6,7.8,-16.26,-13.89,22721334.46
7.8,8,-16.26,-13.89,27577282.91
8,8.2,-16.26,-13.89,33034046.67
8.2,8.4,-16.26,-13.89,43299071.82
8.4,8.6,-16.26,-13.89,49883962.93
8.6,8.8,-16.26,-13.89,57241580.77
8.8,9,-16.26,-13.89,68896830.95
9,9.2,-16.26,-13.89,0
9.2,9.4,-16.26,-13.89,0
9.4,9.6,-16.26,-13.89,0
9.6,9.8,-16.26,-13.89,0
9.8,10,-16.26,-13.89,0
2,2.2,-13.89,-11.54,0
2.2,2.4,-13.89,-11.54,0
2.4,2.6,-13.89,-11.54,0
2.6,2.8,-13.89,-11.54,0.03
2.8,3,-13.89,-11.54,0.19
3,3.2,-13.89,-11.54,0.33
3.2,3.4,-13.89,-11.54,1.55
3.4,3.6,-13.89,-11.54,2.13
3.6,3.8,-13.89,-11.54,7.85
3.8,4,-13.89,-11.54,45.88
4,4.2,-13.89,-11.54,134.35
4.2,4.4,-13.89,-11.54,724.52
4.4,4.6,-13.89,-11.54,4105.74
4.6,4.8,-13.89,-11.54,18335.11
4.8,5,-13.89,-11.54,58726.17
5,5.2,-13.89,-11.54,164145.94
5.2,5.4,-13.89,-11.54,359694.58
5.4,5.6,-13.89,-11.54,653512.89
5.6,5.8,-13.89,-11.54,1115542.52
5.8,6,-13.89,-11.54,1779119.27
6,6.2,-13.89,-11.54,2802570.83
6.2,6.4,-13.89,-11.54,3793704.43
6.4,6.6,-13.89,-11.54,5518445.18
6.6,6.8,-13.89,-11.54,7566245.33
6.8,7,-13.89,-11.54,9846721.84
7,7.2,-13.89,-11.54,12445993.39
7.2,7.4,-13.89,-11.54,16684340.56
7.4,7.6,-13.89,-11.54,20566111.89
7.6,7.8,-13.89,-11.54,26484078.2
7.8,8,-13.89,-11.54,31905493.34
8,8.2,-13.89,-11.54,41147494.99
8.2,8.4,-13.89,-11.54,49148147.97
8.4,8.6,-13.89,-11.54,55175875.16
8.6,8.8,-13.89,-11.54,67130702.58
8.8,9,-13.89,-11.54,83671827.46
9,9.2,-13.89,-11.54,0
9.2,9.4,-13.89,-11.54,0
9.4,9.6,-13.89,-11.54,0
9.6,9.8,-13.89,-11.54,0
9.8,10,-13.89,-11.54,0
2,2.2,-11.54,-9.21,0
2.2,2.4,-11.54,-9.21,0.01
2.4,2.6,-11.54,-9.21,0.08
2.6,2.8,-11.54,-9.21,0.19
2.8,3,-11.54,-9.21,0.38
3,3.2,-11.54,-9.21,1.62
3.2,3.4,-11.54,-9.21,5.6
3.4,3.6,-11.54,-9.21,13.94
3.6,3.8,-11.54,-9.21,39.84
3.8,4,-11.54,-9.21,211.49
4,4.2,-11.54,-9.21,735.55
4.2,4.4,-11.54,-9.21,3419.63
4.4,4.6,-11.54,-9.21,12401.52
4.6,4.8,-11.54,-9.21,39936.24
4.8,5,-11.54,-9.21,106611.29
5,5.2,-11.54,-9.21,237503.93
5.2,5.4,-11.54,-9.21,473737.5
5.4,5.6,-11.54,-9.21,812918.42
5.6,5.8,-11.54,-9.21,1322287.13
5.8,6,-11.54,-9.21,2114678.72
6,6.2,-11.54,-9.21,3234246.06
6.2,6.4,-11.54,-9.21,4464524.98
6.4,6.6,-11.54,-9.21,6310732.83
6.6,6.8,-11.54,-9.21,8558581.65
6.8,7,-11.54,-9.21,11312797.01
7,7.2,-11.54,-9.21,14537631.52
7.2,7.4,-11.54,-9.21,18870977.09
7.4,7.6,-11.54,-9.21,25457334.55
7.6,7.8,-11.54,-9.21,31195513.12
7.8,8,-11.54,-9.21,35999948.77
8,8.2,-11.54,-9.21,49234172.27
8.2,8.4,-11.54,-9.21,56675762.32
8.4,8.6,-11.54,-9.21,67884202.18
8.6,8.8,-11.54,-9.21,79587241.23
8.8,9,-11.54,-9.21,96478824.77
9,9.2,-11.54,-9.21,0
9.2,9.4,-11.54,-9.21,0
9.4,9.6,-11.54,-9.21,0
9.6,9.8,-11.54,-9.21,0
9.8,10,-11.54,-9.21,0
2,2.2,-9.21,-6.89,0.04
2.2,2.4,-9.21,-6.89,0.33
2.4,2.6,-9.21,-6.89,1.27
2.6,2.8,-9.21,-6.89,4.65
2.8,3,-9.21,-6.89,12.58
3,3.2,-9.21,-6.89,38.06
3.2,3.4,-9.21,-6.89,93.46
3.4,3.6,-9.21,-6.89,352.07
3.6,3.8,-9.21,-6.89,1036.24
3.8,4,-9.21,-6.89,2782.19
4,4.2,-9.21,-6.89,7545.14
4.2,4.4,-9.21,-6.89,19360.65
4.4,4.6,-9.21,-6.89,48597.7
4.6,4.8,-9.21,-6.89,101671.47
4.8,5,-9.21,-6.89,210879.23
5,5.2,-9.21,-6.89,404952.01
5.2,5.4,-9.21,-6.89,651992.72
5.4,5.6,-9.21,-6.89,1189451.07
5.6,5.8,-9.21,-6.89,1798165.12
5.8,6,-9.21,-6.89,2631559.88
6,6.2,-9.21,-6.89,3977780.56
6.2,6.4,-9.21,-6.89,5454180.03
6.4,6.6,-9.21,-6.89,7592125.37
6.6,6.8,-9.21,-6.89,10324453.76
6.8,7,-9.21,-6.89,13454207.5
7,7.2,-9.21,-6.89,18910118.83
7.2,7.4,-9.21,-6.89,20990587.16
7.4,7.6,-9.21,-6.89,29276575.91
7.6,7.8,-9.21,-6.89,35827976.33
7.8,8,-9.21,-6.89,42496107.69
8,8.2,-9.21,-6.89,53503303.94
8.2,8.4,-9.21,-6.89,64517316.66
8.4,8.6,-9.21,-6.89,86217627.11
8.6,8.8,-9.21,-6.89,96639800.13
8.8,9,-9.21,-6.89,108285044.9
9,9.2,-9.21,-6.89,0
9.2,9.4,-9.21,-6.89,0
9.4,9.6,-9.21,-6.89,0
9.6,9.8,-9.21,-6.89,0
9.8,10,-9.21,-6.89,0
2,2.2,-6.89,-4.59,0.39
2.2,2.4,-6.89,-4.59,3.73
2.4,2.6,-6.89,-4.59,17.54
2.6,2.8,-6.89,-4.59,63.9
2.8,3,-6.89,-4.59,189.71
3,3.2,-6.89,-4.59,530.39
3.2,3.4,-6.89,-4.59,1324.65
3.4,3.6,-6.89,-4.59,3167.86
3.6,3.8,-6.89,-4.59,7325.1
3.8,4,-6.89,-4.59,16923.25
4,4.2,-6.89,-4.59,35188.38
4.2,4.4,-6.89,-4.59,70330.63
4.4,4.6,-6.89,-4.59,132343.09
4.6,4.8,-6.89,-4.59,230733.84
4.8,5,-6.89,-4.59,415031.06
5,5.2,-6.89,-4.59,688769.49
5.2,5.4,-6.89,-4.59,1076022.06
5.4,5.6,-6.89,-4.59,1670102.53
5.6,5.8,-6.89,-4.59,2412690.35
5.8,6,-6.89,-4.59,3453680.07
6,6.2,-6.89,-4.59,4960707.73
6.2,6.4,-6.89,-4.59,6765304.5
6.4,6.6,-6.89,-4.59,8799924.86
6.6,6.8,-6.89,-4.59,12376539.91
6.8,7,-6.89,-4.59,15623972.25
7,7.2,-6.89,-4.59,22953516.57
7.2,7.4,-6.89,-4.59,25718637.8
7.4,7.6,-6.89,-4.59,32400744.64
7.6,7.8,-6.89,-4.59,44296818.51
7.8,8,-6.89,-4.59,53113292.09
8,8.2,-6.89,-4.59,65754054.7
8.2,8.4,-6.89,-4.59,78402931.16
8.4,8.6,-6.89,-4.59,98449207.45
8.6,8.8,-6.89,-4.59,117034407.1
8.8,9,-6.89,-4.59,142796973.6
9,9.2,-6.89,-4.59,0
9.2,9.4,-6.89,-4.59,0
9.4,9.6,-6.89,-4.59,0
9.6,9.8,-6.89,-4.59,0
9.8,10,-6.89,-4.59,0
2,2.2,-4.59,-2.29,1.3
2.2,2.4,-4.59,-2.29,12.72
2.4,2.6,-4.59,-2.29,61.9
2.6,2.8,-4.59,-2.29,211.12
2.8,3,-4.59,-2.29,609.51
3,3.2,-4.59,-2.29,1561.1
3.2,3.4,-4.59,-2.29,3812.14
3.4,3.6,-4.59,-2.29,8673.91
3.6,3.8,-4.59,-2.29,18544.99
3.8,4,-4.59,-2.29,38002.09
4,4.2,-4.59,-2.29,74262.61
4.2,4.4,-4.59,-2.29,134799.1
4.4,4.6,-4.59,-2.29,238216.42
4.6,4.8,-4.59,-2.29,389146.71
4.8,5,-4.59,-2.29,641653.54
5,5.2,-4.59,-2.29,955515.54
5.2,5.4,-4.59,-2.29,1473763.39
5.4,5.6,-4.59,-2.29,2163758.89
5.6,5.8,-4.59,-2.29,3092847.39
5.8,6,-4.59,-2.29,4252289.24
6,6.2,-4.59,-2.29,5782858.2
6.2,6.4,-4.59,-2.29,7646608.01
6.4,6.6,-4.59,-2.29,10270729.32
6.6,6.8,-4.59,-2.29,14379921.41
6.8,7,-4.59,-2.29,18758500.5
7,7.2,-4.59,-2.29,22322841.36
7.2,7.4,-4.59,-2.29,28578741.08
7.4,7.6,-4.59,-2.29,35529077.68
7.6,7.8,-4.59,-2.29,42900822.8
7.8,8,-4.59,-2.29,59017341.58
8,8.2,-4.59,-2.29,71228499.99
8.2,8.4,-4.59,-2.29,84911194.88
8.4,8.6,-4.59,-2.29,99994102.28
8.6,8.8,-4.59,-2.29,135976851.4
8.8,9,-4.59,-2.29,161951811.4
9,9.2,-4.59,-2.29,0
9.2,9.4,-4.59,-2.29,0
9.4,9.6,-4.59,-2.29,0
9.6,9.8,-4.59,-2.29,0
9.8,10,-4.59,-2.29,0
2,2.2,-2.29,0,2.47
2.2,2.4,-2.29,0,22.84
2.4,2.6,-2.29,0,108.94
2.6,2.8,-2.29,0,363.79
2.8,3,-2.29,0,1039.7
3,3.2,-2.29,0,2657.19
3.2,3.4,-2.29,0,6308.49
3.4,3.6,-2.29,0,14049.96
3.6,3.8,-2.29,0,28996.3
3.8,4,-2.29,0,58812.39
4,4.2,-2.29,0,107311.14
4.2,4.4,-2.29,0,196176.83
4.4,4.6,-2.29,0,327321.11
4.6,4.8,-2.29,0,548174.07
4.8,5,-2.29,0,832509.93
5,5.2,-2.29,0,1217685.11
5.2,5.4,-2.29,0,1849840.81
5.4,5.6,-2.29,0,2604352.64
5.6,5.8,-2.29,0,3545410.19
5.8,6,-2.29,0,4943919.34
6,6.2,-2.29,0,6853483.14
6.2,6.4,-2.29,0,8970066.94
6.4,6.6,-2.29,0,12350717.27
6.6,6.8,-2.29,0,15460317.11
6.8,7,-2.29,0,20489893.91
7,7.2,-2.29,0,24998797.36
7.2,7.4,-2.29,0,36532000.71
7.4,7.6,-2.29,0,45269898.8
7.6,7.8,-2.29,0,50166190.67
7.8,8,-2.29,0,68248690.74
8,8.2,-2.29,0,78320373.95
8.2,8.4,-2.29,0,108861733
8.4,8.6,-2.29,0,118821889.4
8.6,8.8,-2.29,0,142455102.4
8.8,9,-2.29,0,169261408.8
9,9.2,-2.29,0,0
9.2,9.4,-2.29,0,0
9.4,9.6,-2.29,0,0
9.6,9.8,-2.29,0,0
9.8,10,-2.29,0,0
2,2.2,0,2.29,3.59
2.2,2.4,0,2.29,31.22
2.4,2.6,0,2.29,139.24
2.6,2.8,0,2.29,454.52
2.8,3,0,2.29,1259.19
3,3.2,0,2.29,3196.65
3.2,3.4,0,2.29,7432.19
3.4,3.6,0,2.29,16001.94
3.6,3.8,0,2.29,33738.09
3.8,4,0,2.29,65030.28
4,4.2,0,2.29,122500.51
4.2,4.4,0,2.29,214645.8
4.4,4.6,0,2.29,366875.14
4.6,4.8,0,2.29,575895.44
4.8,5,0,2.29,875145.04
5,5.2,0,2.29,1286877.15
5.2,5.4,0,2.29,1932841.59
5.4,5.6,0,2.29,2710809.24
5.6,5.8,0,2.29,3776821.95
5.8,6,0,2.29,5221703.27
6,6.2,0,2.29,7132927.78
6.2,6.4,0,2.29,9173372.84
6.4,6.6,0,2.29,11955963.79
6.6,6.8,0,2.29,15574331.39
6.8,7,0,2.29,20515382.98
7,7.2,0,2.29,23317597
7.2,7.4,0,2.29,32798408.28
7.4,7.6,0,2.29,38585371.66
7.6,7.8,0,2.29,52988358.45
7.8,8,0,2.29,53094762.6
8,8.2,0,2.29,76940141.9
8.2,8.4,0,2.29,86483076.22
8.4,8.6,0,2.29,106506635.9
8.6,8.8,0,2.29,113293627.5
8.8,9,0,2.29,125974397.3
9,9.2,0,2.29,0
9.2,9.4,0,2.29,0
9.4,9.6,0,2.29,0
9.6,9.8,0,2.29,0
9.8,10,0,2.29,0
2,2.2,2.29,4.59,4.72
2.2,2.4,2.29,4.59,37.43
2.4,2.6,2.29,4.59,158.9
2.6,2.8,2.29,4.59,499.05
2.8,3,2.29,4.59,1373.14
3,3.2,2.29,4.59,3393.55
3.2,3.4,2.29,4.59,7868.03
3.4,3.6,2.29,4.59,17200.85
3.6,3.8,2.29,4.59,34727.19
3.8,4,2.29,4.59,69551.22
4,4.2,2.29,4.59,126079.55
4.2,4.4,2.29,4.59,222606.49
4.4,4.6,2.29,4.59,355779.09
4.6,4.8,2.29,4.59,587820.58
4.8,5,2.29,4.59,902842.82
5,5.2,2.29,4.59,1329591.31
5.2,5.4,2.29,4.59,1869876.19
5.4,5.6,2.29,4.59,2673501.94
5.6,5.8,2.29,4.59,3694325.06
5.8,6,2.29,4.59,4886783.7
6,6.2,2.29,4.59,6326714.9
6.2,6.4,2.29,4.59,8252131.62
6.4,6.6,2.29,4.59,10557838.14
6.6,6.8,2.29,4.59,13181348.94
6.8,7,2.29,4.59,16247569.61
7,7.2,2.29,4.59,18976662.85
7.2,7.4,2.29,4.59,23404864.53
7.4,7.6,2.29,4.59,30299553.74
7.6,7.8,2.29,4.59,35193926.27
7.8,8,2.29,4.59,38920185.79
8,8.2,2.29,4.59,38094012.96
8.2,8.4,2.29,4.59,47047749.24
8.4,8.6,2.29,4.59,43882258.42
8.6,8.8,2.29,4.59,49380470.22
8.8,9,2.29,4.59,52222931.95
9,9.2,2.29,4.59,0
9.2,9.4,2.29,4.59,0
9.4,9.6,2.29,4.59,0
9.6,9.8,2.29,4.59,0
9.8,10,2.29,4.59,0
2,2.2,4.59,6.89,5.52
2.2,2.4,4.59,6.89,42.24
2.4,2.6,4.59,6.89,172.88
2.6,2.8,4.59,6.89,537.35
2.8,3,4.59,6.89,1433.35
3,3.2,4.59,6.89,3578.28
3.2,3.4,4.59,6.89,8300.77
3.4,3.6,4.59,6.89,17895.68
3.6,3.8,4.59,6.89,36592.01
3.8,4,4.59,6.89,68893.44
4,4.2,4.59,6.89,128840.44
4.2,4.4,4.59,6.89,217484.44
4.4,4.6,4.59,6.89,369041.37
4.6,4.8,4.59,6.89,565954.65
4.8,5,4.59,6.89,864317.98
5,5.2,4.59,6.89,1219300.02
5.2,5.4,4.59,6.89,1762052.49
5.4,5.6,4.59,6.89,2538371.2
5.6,5.8,4.59,6.89,3405130.17
5.8,6,4.59,6.89,4267971.96
6,6.2,4.59,6.89,5699317.3
6.2,6.4,4.59,6.89,7580719.85
6.4,6.6,4.59,6.89,8627942.13
6.6,6.8,4.59,6.89,10991398.18
6.8,7,4.59,6.89,13028867.86
7,7.2,4.59,6.89,17125214.95
7.2,7.4,4.59,6.89,18232247.66
7.4,7.6,4.59,6.89,21865805.49
7.6,7.8,4.59,6.89,21029630.59
7.8,8,4.59,6.89,23600664.91
8,8.2,4.59,6.89,26156354.89
8.2,8.4,4.59,6.89,25153223.15
8.4,8.6,4.59,6.89,20620563
8.6,8.8,4.59,6.89,20074007.07
8.8,9,4.59,6.89,20640271.32
9,9.2,4.59,6.89,0
9.2,9.4,4.59,6.89,0
9.4,9.6,4.59,6.89,0
9.6,9.8,4.59,6.89,0
9.8,10,4.59,6.89,0
2,2.2,6.89,9.21,6.17
2.2,2.4,6.89,9.21,45.57
2.4,2.6,6.89,9.21,181.95
2.6,2.8,6.89,9.21,554.69
2.8,3,6.89,9.21,1481.82
3,3.2,6.89,9.21,3647.03
3.2,3.4,6.89,9.21,8337.05
3.4,3.6,6.89,9.21,18339.77
3.6,3.8,6.89,9.21,37019.2
3.8,4,6.89,9.21,70797.68
4,4.2,6.89,9.21,129568.39
4.2,4.4,6.89,9.21,219007.87
4.4,4.6,6.89,9.21,352233.57
4.6,4.8,6.89,9.21,554009.69
4.8,5,6.89,9.21,843339.25
5,5.2,6.89,9.21,1213062.4
5.2,5.4,6.89,9.21,1693628.85
5.4,5.6,6.89,9.21,2297588.14
5.6,5.8,6.89,9.21,3011216.81
5.8,6,6.89,9.21,3849901.77
6,6.2,6.89,9.21,5113661.4
6.2,6.4,6.89,9.21,6517307.38
6.4,6.6,6.89,9.21,7726640.97
6.6,6.8,6.89,9.21,9038510.93
6.8,7,6.89,9.21,10362897.63
7,7.2,6.89,9.21,11452857.71
7.2,7.4,6.89,9.21,13441936.08
7.4,7.6,6.89,9.21,12227892.98
7.6,7.8,6.89,9.21,12757619.93
7.8,8,6.89,9.21,15150494.83
8,8.2,6.89,9.21,10614218.35
8.2,8.4,6.89,9.21,10544770.91
8.4,8.6,6.89,9.21,8830773.41
8.6,8.8,6.89,9.21,6980409.42
8.8,9,6.89,9.21,6878291.19
9,9.2,6.89,9.21,0
9.2,9.4,6.89,9.21,0
9.4,9.6,6.89,9.21,0
9.6,9.8,6.89,9.21,0
9.8,10,6.89,9.21,0
2,2.2,9.21,11.54,6.68
2.2,2.4,9.21,11.54,47.51
2.4,2.6,9.21,11.54,189.38
2.6,2.8,9.21,11.54,571.74
2.8,3,9.21,11.54,1513.27
3,3.2,9.21,11.54,3718.99
3.2,3.4,9.21,11.54,8439.66
3.4,3.6,9.21,11.54,18418.49
3.6,3.8,9.21,11.54,36704.02
3.8,4,9.21,11.54,70373.91
4,4.2,9.21,11.54,127351.8
4.2,4.4,9.21,11.54,218448
4.4,4.6,9.21,11.54,340190.45
4.6,4.8,9.21,11.54,542279.16
4.8,5,9.21,11.54,818358.51
5,5.2,9.21,11.54,1169925.73
5.2,5.4,9.21,11.54,1698748.97
5.4,5.6,9.21,11.54,2223642.51
5.6,5.8,9.21,11.54,2937750.53
5.8,6,9.21,11.54,3829095.74
6,6.2,9.21,11.54,4570049.28
6.2,6.4,9.21,11.54,5711365.34
6.4,6.6,9.21,11.54,6630407.81
6.6,6.8,9.21,11.54,7637545.76
6.8,7,9.21,11.54,9032284.43
7,7.2,9.21,11.54,10215308.04
7.2,7.4,9.21,11.54,8557547.23
7.4,7.6,9.21,11.54,10065756.52
7.6,7.8,9.21,11.54,9286936.49
7.8,8,9.21,11.54,7691983.59
8,8.2,9.21,11.54,6337673
8.2,8.4,9.21,11.54,6173637.22
8.4,8.6,9.21,11.54,7494458.8
8.6,8.8,9.21,11.54,2570263.96
8.8,9,9.21,11.54,2502775.44
9,9.2,9.21,11.54,0
9.2,9.4,9.21,11.54,0
9.4,9.6,9.21,11.54,0
9.6,9.8,9.21,11.54,0
9.8,10,9.21,11.54,0
2,2.2,11.54,13.89,7.08
2.2,2.4,11.54,13.89,49.42
2.4,2.6,11.54,13.89,192.91
2.6,2.8,11.54,13.89,577.67
2.8,3,11.54,13.89,1551.61
3,3.2,11.54,13.89,3849.88
3.2,3.4,11.54,13.89,8687.27
3.4,3.6,11.54,13.89,18700.04
3.6,3.8,11.54,13.89,37012.48
3.8,4,11.54,13.89,70635.05
4,4.2,11.54,13.89,127261.9
4.2,4.4,11.54,13.89,212201.59
4.4,4.6,11.54,13.89,354377.54
4.6,4.8,11.54,13.89,536248.48
4.8,5,11.54,13.89,774280.95
5,5.2,11.54,13.89,1102412.16
5.2,5.4,11.54,13.89,1568269.29
5.4,5.6,11.54,13.89,2083816.47
5.6,5.8,11.54,13.89,2729134.3
5.8,6,11.54,13.89,3520546.64
6,6.2,11.54,13.89,4401937.55
6.2,6.4,11.54,13.89,4896287.54
6.4,6.6,11.54,13.89,5661966.31
6.6,6.8,11.54,13.89,6620463.13
6.8,7,11.54,13.89,6903854.54
7,7.2,11.54,13.89,4869118.6
7.2,7.4,11.54,13.89,7776622.35
7.4,7.6,11.54,13.89,8052207.7
7.6,7.8,11.54,13.89,5168521.6
7.8,8,11.54,13.89,5050647.06
8,8.2,11.54,13.89,4815738.95
8.2,8.4,11.54,13.89,2947110.17
8.4,8.6,11.54,13.89,2453126.84
8.6,8.8,11.54,13.89,1794227.67
8.8,9,11.54,13.89,998918.15
9,9.2,11.54,13.89,0
9.2,9.4,11.54,13.89,0
9.4,9.6,11.54,13.89,0
9.6,9.8,11.54,13.89,0
9.8,10,11.54,13.89,0
2,2.2,13.89,16.26,7.53
2.2,2.4,13.89,16.26,51.1
2.4,2.6,13.89,16.26,198.59
2.6,2.8,13.89,16.26,600.11
2.8,3,13.89,16.26,1588.49
3,3.2,13.89,16.26,3861.1
3.2,3.4,13.89,16.26,8797.24
3.4,3.6,13.89,16.26,18841.24
3.6,3.8,13.89,16.26,37449.58
3.8,4,13.89,16.26,70150.11
4,4.2,13.89,16.26,125658.23
4.2,4.4,13.89,16.26,216759.11
4.4,4.6,13.89,16.26,346758.67
4.6,4.8,13.89,16.26,523266.4
4.8,5,13.89,16.26,777228.28
5,5.2,13.89,16.26,1063440.16
5.2,5.4,13.89,16.26,1516607.22
5.4,5.6,13.89,16.26,2021330.63
5.6,5.8,13.89,16.26,2643430.96
5.8,6,13.89,16.26,3200788.3
6,6.2,13.89,16.26,4060060.37
6.2,6.4,13.89,16.26,4622805.05
6.4,6.6,13.89,16.26,5066681.71
6.6,6.8,13.89,16.26,5771476
6.8,7,13.89,16.26,5735430.17
7,7.2,13.89,16.26,6072944.48
7.2,7.4,13.89,16.26,5471564.69
7.4,7.6,13.89,16.26,5895455.21
7.6,7.8,13.89,16.26,4778717.35
7.8,8,13.89,16.26,2869008.1
8,8.2,13.89,16.26,2061175.37
8.2,8.4,13.89,16.26,1092371.99
8.4,8.6,13.89,16.26,1208319.61
8.6,8.8,13.89,16.26,572641.25
8.8,9,13.89,16.26,162451.44
9,9.2,13.89,16.26,0
9.2,9.4,13.89,16.26,0
9.4,9.6,13.89,16.26,0
9.6,9.8,13.89,16.26,0
9.8,10,13.89,16.26,0
2,2.2,16.26,18.66,7.81
2.2,2.4,16.26,18.66,52.42
2.4,2.6,16.26,18.66,205.35
2.6,2.8,16.26,18.66,612.87
2.8,3,16.26,18.66,1624.14
3,3.2,16.26,18.66,3939.7
3.2,3.4,16.26,18.66,8938.25
3.4,3.6,16.26,18.66,19016.25
3.6,3.8,16.26,18.66,37248.24
3.8,4,16.26,18.66,71278.01
4,4.2,16.26,18.66,126182.12
4.2,4.4,16.26,18.66,208823.7
4.4,4.6,16.26,18.66,339705.08
4.6,4.8,16.26,18.66,515414.61
4.8,5,16.26,18.66,760139.61
5,5.2,16.26,18.66,1077976.18
5.2,5.4,16.26,18.66,1463329.01
5.4,5.6,16.26,18.66,1966375.14
5.6,5.8,16.26,18.66,2531571.84
5.8,6,16.26,18.66,3118862.84
6,6.2,16.26,18.66,3707562.21
6.2,6.4,16.26,18.66,4148907.65
6.4,6.6,16.26,18.66,4725502.46
6.6,6.8,16.26,18.66,4916410.02
6.8,7,16.26,18.66,4788845.12
7,7.2,16.26,18.66,4231113.39
7.2,7.4,16.26,18.66,4513180.59
7.4,7.6,16.26,18.66,3249143.27
7.6,7.8,16.26,18.66,3306112.36
7.8,8,16.26,18.66,1831602.27
8,8.2,16.26,18.66,1022460.73
8.2,8.4,16.26,18.66,1106397.32
8.4,8.6,16.26,18.66,512751
8.6,8.8,16.26,18.66,597520.7
8.8,9,16.26,18.66,122524.8
9,9.2,16.26,18.66,0
9.2,9.4,16.26,18.66,0
9.4,9.6,16.26,18.66,0
9.6,9.8,16.26,18.66,0
9.8,10,16.26,18.66,0
2,2.2,18.66,21.1,7.93
2.2,2.4,18.66,21.1,53.3
2.4,2.6,18.66,21.1,208.32
2.6,2.8,18.66,21.1,620.57
2.8,3,18.66,21.1,1645.47
3,3.2,18.66,21.1,4072.84
3.2,3.4,18.66,21.1,9102.98
3.4,3.6,18.66,21.1,19242.21
3.6,3.8,18.66,21.1,37828.83
3.8,4,18.66,21.1,71644.81
4,4.2,18.66,21.1,124838.53
4.2,4.4,18.66,21.1,206351.94
4.4,4.6,18.66,21.1,333851.27
4.6,4.8,18.66,21.1,509986.85
4.8,5,18.66,21.1,747768.55
5,5.2,18.66,21.1,1025972.56
5.2,5.4,18.66,21.1,1425313.81
5.4,5.6,18.66,21.1,1828000.9
5.6,5.8,18.66,21.1,2299940.35
5.8,6,18.66,21.1,2884461.79
6,6.2,18.66,21.1,3244800.97
6.2,6.4,18.66,21.1,3743737.59
6.4,6.6,18.66,21.1,3829647.99
6.6,6.8,18.66,21.1,3936348
6.8,7,18.66,21.1,4214444.51
7,7.2,18.66,21.1,3831076.21
7.2,7.4,18.66,21.1,3196228.57
7.4,7.6,18.66,21.1,2895178.35
7.6,7.8,18.66,21.1,1198450.75
7.8,8,18.66,21.1,1455363.86
8,8.2,18.66,21.1,1176384.85
8.2,8.4,18.66,21.1,468228.97
8.4,8.6,18.66,21.1,218143.01
8.6,8.8,18.66,21.1,151805.84
8.8,9,18.66,21.1,32870.84
9,9.2,18.66,21.1,0
9.2,9.4,18.66,21.1,0
9.4,9.6,18.66,21.1,0
9.6,9.8,18.66,21.1,0
9.8,10,18.66,21.1,0
2,2.2,21.1,23.58,8.25
2.2,2.4,21.1,23.58,54.82
2.4,2.6,21.1,23.58,213.35
2.6,2.8,21.1,23.58,639.41
2.8,3,21.1,23.58,1690.78
3,3.2,21.1,23.58,4057.81
3.2,3.4,21.1,23.58,9162.08
3.4,3.6,21.1,23.58,19275.87
3.6,3.8,21.1,23.58,37886.93
3.8,4,21.1,23.58,70827.95
4,4.2,21.1,23.58,124729.24
4.2,4.4,21.1,23.58,207612.81
4.4,4.6,21.1,23.58,329823.55
4.6,4.8,21.1,23.58,492695.59
4.8,5,21.1,23.58,720479.64
5,5.2,21.1,23.58,1014150.92
5.2,5.4,21.1,23.58,1368087.72
5.4,5.6,21.1,23.58,1741480.8
5.6,5.8,21.1,23.58,2112454.75
5.8,6,21.1,23.58,2565119.97
6,6.2,21.1,23.58,2984951.49
6.2,6.4,21.1,23.58,3305601.58
6.4,6.6,21.1,23.58,3209323.45
6.6,6.8,21.1,23.58,3390542.9
6.8,7,21.1,23.58,3329185.66
7,7.2,21.1,23.58,2434644.54
7.2,7.4,21.1,23.58,2169496.65
7.4,7.6,21.1,23.58,1415731.35
7.6,7.8,21.1,23.58,1488878.3
7.8,8,21.1,23.58,854188.51
8,8.2,21.1,23.58,238256.69
8.2,8.4,21.1,23.58,301074.94
8.4,8.6,21.1,23.58,165198.2
8.6,8.8,21.1,23.58,72577.69
8.8,9,21.1,23.58,107065.3
9,9.2,21.1,23.58,0
9.2,9.4,21.1,23.58,0
9.4,9.6,21.1,23.58,0
9.6,9.8,21.1,23.58,0
9.8,10,21.1,23.58,0
2,2.2,23.58,26.1,8.53
2.2,2.4,23.58,26.1,56.07
2.4,2.6,23.58,26.1,215.85
2.6,2.8,23.58,26.1,650.07
2.8,3,23.58,26.1,1704.01
3,3.2,23.58,26.1,4162.63
3.2,3.4,23.58,26.1,9224.7
3.4,3.6,23.58,26.1,19052.42
3.6,3.8,23.58,26.1,38100.63
3.8,4,23.58,26.1,71038.24
4,4.2,23.58,26.1,123657.02
4.2,4.4,23.58,26.1,201295.82
4.4,4.6,23.58,26.1,317303.89
4.6,4.8,23.58,26.1,476228.17
4.8,5,23.58,26.1,701137.71
5,5.2,23.58,26.1,963071.04
5.2,5.4,23.58,26.1,1332869.31
5.4,5.6,23.58,26.1,1689660.37
5.6,5.8,23.58,26.1,2040355.61
5.8,6,23.58,26.1,2274608.25
6,6.2,23.58,26.1,2638629.43
6.2,6.4,23.58,26.1,2707007.5
6.4,6.6,23.58,26.1,2881383.07
6.6,6.8,23.58,26.1,2560981.58
6.8,7,23.58,26.1,2415445.22
7,7.2,23.58,26.1,2955760.73
7.2,7.4,23.58,26.1,1705702.67
7.4,7.6,23.58,26.1,1165717.68
7.6,7.8,23.58,26.1,907046.86
7.8,8,23.58,26.1,1119632.26
8,8.2,23.58,26.1,321478.58
8.2,8.4,23.58,26.1,137020.04
8.4,8.6,23.58,26.1,64065.69
8.6,8.8,23.58,26.1,26940.3
8.8,9,23.58,26.1,24150.69
9,9.2,23.58,26.1,0
9.2,9.4,23.58,26.1,0
9.4,9.6,23.58,26.1,0
9.6,9.8,23.58,26.1,0
9.8,10,23.58,26.1,0
2,2.2,26.1,28.69,8.71
2.2,2.4,26.1,28.69,56.9
2.4,2.6,26.1,28.69,221.77
2.6,2.8,26.1,28.69,657.71
2.8,3,26.1,28.69,1732.79
3,3.2,26.1,28.69,4181.07
3.2,3.4,26.1,28.69,9369.18
3.4,3.6,26.1,28.69,19492.27
3.6,3.8,26.1,28.69,38084.49
3.8,4,26.1,28.69,69766.73
4,4.2,26.1,28.69,123943.19
4.2,4.4,26.1,28.69,204371.73
4.4,4.6,26.1,28.69,325189.66
4.6,4.8,26.1,28.69,490928.48
4.8,5,26.1,28.69,711809.8
5,5.2,26.1,28.69,956011.03
5.2,5.4,26.1,28.69,1218965.66
5.4,5.6,26.1,28.69,1509873.94
5.6,5.8,26.1,28.69,1839283.16
5.8,6,26.1,28.69,2107016.55
6,6.2,26.1,28.69,2336435.2
6.2,6.4,26.1,28.69,2507556.78
6.4,6.6,26.1,28.69,2354658.95
6.6,6.8,26.1,28.69,2080730.4
6.8,7,26.1,28.69,2081934.63
7,7.2,26.1,28.69,1257429.36
7.2,7.4,26.1,28.69,819401.14
7.4,7.6,26.1,28.69,378309.8
7.6,7.8,26.1,28.69,686922.91
7.8,8,26.1,28.69,182452.94
8,8.2,26.1,28.69,206775.79
8.2,8.4,26.1,28.69,66032.05
8.4,8.6,26.1,28.69,41282.1
8.6,8.8,26.1,28.69,20102.58
8.8,9,26.1,28.69,11561.16
9,9.2,26.1,28.69,0
9.2,9.4,26.1,28.69,0
9.4,9.6,26.1,28.69,0
9.6,9.8,26.1,28.69,0
9.8,10,26.1,28.69,0
2,2.2,28.69,31.33,8.77
2.2,2.4,28.69,31.33,57.01
2.4,2.6,28.69,31.33,222.8
2.6,2.8,28.69,31.33,664.53
2.8,3,28.69,31.33,1727.78
3,3.2,28.69,31.33,4183.2
3.2,3.4,28.69,31.33,9207.93
3.4,3.6,28.69,31.33,19293.35
3.6,3.8,28.69,31.33,37320.23
3.8,4,28.69,31.33,68604.06
4,4.2,28.69,31.33,121149.05
4.2,4.4,28.69,31.33,199652.6
4.4,4.6,28.69,31.33,318757.22
4.6,4.8,28.69,31.33,471986.29
4.8,5,28.69,31.33,676910.76
5,5.2,28.69,31.33,883576
5.2,5.4,28.69,31.33,1141050.44
5.4,5.6,28.69,31.33,1454842.49
5.6,5.8,28.69,31.33,1650074.11
5.8,6,28.69,31.33,1915303.48
6,6.2,28.69,31.33,2052439.17
6.2,6.4,28.69,31.33,2123440.63
6.4,6.6,28.69,31.33,1847366.91
6.6,6.8,28.69,31.33,1776608.47
6.8,7,28.69,31.33,1308844.78
7,7.2,28.69,31.33,611473.85
7.2,7.4,28.69,31.33,552526.02
7.4,7.6,28.69,31.33,310770.84
7.6,7.8,28.69,31.33,492784.97
7.8,8,28.69,31.33,120743.16
8,8.2,28.69,31.33,95814.57
8.2,8.4,28.69,31.33,93690.64
8.4,8.6,28.69,31.33,21040.08
8.6,8.8,28.69,31.33,6097.34
8.8,9,28.69,31.33,2672
9,9.2,28.69,31.33,0
9.2,9.4,28.69,31.33,0
9.4,9.6,28.69,31.33,0
9.6,9.8,28.69,31.33,0
9.8,10,28.69,31.33,0
2,2.2,31.33,34.06,8.71
2.2,2.4,31.33,34.06,58.29
2.4,2.6,31.33,34.06,224.9
2.6,2.8,31.33,34.06,669.51
2.8,3,31.33,34.06,1744.41
3,3.2,31.33,34.06,4161.62
3.2,3.4,31.33,34.06,9319.09
3.4,3.6,31.33,34.06,19256.34
3.6,3.8,31.33,34.06,37697.63
3.8,4,31.33,34.06,69498.74
4,4.2,31.33,34.06,120483.41
4.2,4.4,31.33,34.06,204434.62
4.4,4.6,31.33,34.06,308936.99
4.6,4.8,31.33,34.06,452262.31
4.8,5,31.33,34.06,646284.5
5,5.2,31.33,34.06,868536.7
5.2,5.4,31.33,34.06,1130525.77
5.4,5.6,31.33,34.06,1364651.87
5.6,5.8,31.33,34.06,1599561.05
5.8,6,31.33,34.06,1671846.37
6,6.2,31.33,34.06,1669739.02
6.2,6.4,31.33,34.06,1823774.11
6.4,6.6,31.33,34.06,1508934.84
6.6,6.8,31.33,34.06,1275389.6
6.8,7,31.33,34.06,1046438.82
7,7.2,31.33,34.06,770983.53
7.2,7.4,31.33,34.06,402002.64
7.4,7.6,31.33,34.06,186271.91
7.6,7.8,31.33,34.06,145325.5
7.8,8,31.33,34.06,72394.61
8,8.2,31.33,34.06,63613.52
8.2,8.4,31.33,34.06,35775.15
8.4,8.6,31.33,34.06,8218.52
8.6,8.8,31.33,34.06,5822.74
8.8,9,31.33,34.06,2285.86
9,9.2,31.33,34.06,0
9.2,9.4,31.33,34.06,0
9.4,9.6,31.33,34.06,0
9.6,9.8,31.33,34.06,0
9.8,10,31.33,34.06,0
2,2.2,34.06,36.87,8.97
2.2,2.4,34.06,36.87,58.14
2.4,2.6,34.06,36.87,227.99
2.6,2.8,34.06,36.87,673.64
2.8,3,34.06,36.87,1744.17
3,3.2,34.06,36.87,4142.09
3.2,3.4,34.06,36.87,9215.09
3.4,3.6,34.06,36.87,18736.07
3.6,3.8,34.06,36.87,37022.76
3.8,4,34.06,36.87,69564.89
4,4.2,34.06,36.87,119901.94
4.2,4.4,34.06,36.87,190622.7
4.4,4.6,34.06,36.87,304291.62
4.6,4.8,34.06,36.87,443491.09
4.8,5,34.06,36.87,619289.18
5,5.2,34.06,36.87,818738.18
5.2,5.4,34.06,36.87,1070481.2
5.4,5.6,34.06,36.87,1213256.02
5.6,5.8,34.06,36.87,1420891.18
5.8,6,34.06,36.87,1580560.85
6,6.2,34.06,36.87,1441748.65
6.2,6.4,34.06,36.87,1391282.06
6.4,6.6,34.06,36.87,1219261.99
6.6,6.8,34.06,36.87,997921.6
6.8,7,34.06,36.87,828298.13
7,7.2,34.06,36.87,653846.08
7.2,7.4,34.06,36.87,395678.08
7.4,7.6,34.06,36.87,186987.5
7.6,7.8,34.06,36.87,79617.5
7.8,8,34.06,36.87,54065.04
8,8.2,34.06,36.87,16666.73
8.2,8.4,34.06,36.87,16977.94
8.4,8.6,34.06,36.87,10936.48
8.6,8.8,34.06,36.87,3371.65
8.8,9,34.06,36.87,7698.99
9,9.2,34.06,36.87,0
9.2,9.4,34.06,36.87,0
9.4,9.6,34.06,36.87,0
9.6,9.8,34.06,36.87,0
9.8,10,34.06,36.87,0
2,2.2,36.87,39.79,9.1
2.2,2.4,36.87,39.79,58.98
2.4,2.6,36.87,39.79,229.06
2.6,2.8,36.87,39.79,675.38
2.8,3,36.87,39.79,1757.18
3,3.2,36.87,39.79,4130.45
3.2,3.4,36.87,39.79,9175.02
3.4,3.6,36.87,39.79,19251.15
3.6,3.8,36.87,39.79,37412.95
3.8,4,36.87,39.79,67937.88
4,4.2,36.87,39.79,118369.06
4.2,4.4,36.87,39.79,189627.97
4.4,4.6,36.87,39.79,299309.38
4.6,4.8,36.87,39.79,452184.45
4.8,5,36.87,39.79,605372.41
5,5.2,36.87,39.79,790531.57
5.2,5.4,36.87,39.79,1003009.47
5.4,5.6,36.87,39.79,1084199.28
5.6,5.8,36.87,39.79,1311291.14
5.8,6,36.87,39.79,1329482.37
6,6.2,36.87,39.79,1347686.04
6.2,6.4,36.87,39.79,1218863.49
6.4,6.6,36.87,39.79,997742.75
6.6,6.8,36.87,39.79,774342.93
6.8,7,36.87,39.79,593526.01
7,7.2,36.87,39.79,509289.68
7.2,7.4,36.87,39.79,175998.16
7.4,7.6,36.87,39.79,80062.83
7.6,7.8,36.87,39.79,68671.92
7.8,8,36.87,39.79,31269.72
8,8.2,36.87,39.79,17058.06
8.2,8.4,36.87,39.79,6886.47
8.4,8.6,36.87,39.79,12950.41
8.6,8.8,36.87,39.79,3483.02
8.8,9,36.87,39.79,969.95
9,9.2,36.87,39.79,0
9.2,9.4,36.87,39.79,0
9.4,9.6,36.87,39.79,0
9.6,9.8,36.87,39.79,0
9.8,10,36.87,39.79,0
2,2.2,39.79,42.84,9.48
2.2,2.4,39.79,42.84,59.86
2.4,2.6,39.79,42.84,229.32
2.6,2.8,39.79,42.84,683.37
2.8,3,39.79,42.84,1750.22
3,3.2,39.79,42.84,4172.43
3.2,3.4,39.79,42.84,9160.5
3.4,3.6,39.79,42.84,18990.47
3.6,3.8,39.79,42.84,37108.63
3.8,4,39.79,42.84,66857.29
4,4.2,39.79,42.84,117405.72
4.2,4.4,39.79,42.84,192713.21
4.4,4.6,39.79,42.84,282254.32
4.6,4.8,39.79,42.84,423655.66
4.8,5,39.79,42.84,584568.77
5,5.2,39.79,42.84,769676.34
5.2,5.4,39.79,42.84,956889.19
5.4,5.6,39.79,42.84,1060245.33
5.6,5.8,39.79,42.84,1226861.79
5.8,6,39.79,42.84,1247876.56
6,6.2,39.79,42.84,1158839.89
6.2,6.4,39.79,42.84,975260.52
6.4,6.6,39.79,42.84,866679.36
6.6,6.8,39.79,42.84,629749.28
6.8,7,39.79,42.84,420059.94
7,7.2,39.79,42.84,268407.68
7.2,7.4,39.79,42.84,147659.04
7.4,7.6,39.79,42.84,83642.86
7.6,7.8,39.79,42.84,31171.1
7.8,8,39.79,42.84,28723.74
8,8.2,39.79,42.84,20434.32
8.2,8.4,39.79,42.84,4521.37
8.4,8.6,39.79,42.84,33034.73
8.6,8.8,39.79,42.84,511.45
8.8,9,39.79,42.84,2487.95
9,9.2,39.79,42.84,0
9.2,9.4,39.79,42.84,0
9.4,9.6,39.79,42.84,0
9.6,9.8,39.79,42.84,0
9.8,10,39.79,42.84,0
2,2.2,42.84,46.05,10.1
2.2,2.4,42.84,46.05,61.69
2.4,2.6,42.84,46.05,234.49
2.6,2.8,42.84,46.05,687.31
2.8,3,42.84,46.05,1751.54
3,3.2,42.84,46.05,4200.01
3.2,3.4,42.84,46.05,9224.75
3.4,3.6,42.84,46.05,18868.87
3.6,3.8,42.84,46.05,36913.98
3.8,4,42.84,46.05,66964.01
4,4.2,42.84,46.05,115771.55
4.2,4.4,42.84,46.05,190485.75
4.4,4.6,42.84,46.05,289226.05
4.6,4.8,42.84,46.05,412085.04
4.8,5,42.84,46.05,560360.08
5,5.2,42.84,46.05,725763.26
5.2,5.4,42.84,46.05,875276.96
5.4,5.6,42.84,46.05,1005267.02
5.6,5.8,42.84,46.05,1103618.61
5.8,6,42.84,46.05,1130715.73
6,6.2,42.84,46.05,1046941.15
6.2,6.4,42.84,46.05,900163.16
6.4,6.6,42.84,46.05,677311.2
6.6,6.8,42.84,46.05,516610.03
6.8,7,42.84,46.05,291578.53
7,7.2,42.84,46.05,181012.86
7.2,7.4,42.84,46.05,148777.14
7.4,7.6,42.84,46.05,40835.1
7.6,7.8,42.84,46.05,18380.79
7.8,8,42.84,46.05,14071.92
8,8.2,42.84,46.05,25938.64
8.2,8.4,42.84,46.05,7734.21
8.4,8.6,42.84,46.05,5568.79
8.6,8.8,42.84,46.05,410.44
8.8,9,42.84,46.05,2904.85
9,9.2,42.84,46.05,0
9.2,9.4,42.84,46.05,0
9.4,9.6,42.84,46.05,0
9.6,9.8,42.84,46.05,0
9.8,10,42.84,46.05,0
2,2.2,46.05,49.46,10.6
2.2,2.4,46.05,49.46,63.83
2.4,2.6,46.05,49.46,239.69
2.6,2.8,46.05,49.46,699.59
2.8,3,46.05,49.46,1786.52
3,3.2,46.05,49.46,4219.72
3.2,3.4,46.05,49.46,9387.04
3.4,3.6,46.05,49.46,18849.79
3.6,3.8,46.05,49.46,36750.17
3.8,4,46.05,49.46,66487.66
4,4.2,46.05,49.46,113820.09
4.2,4.4,46.05,49.46,184625.66
4.4,4.6,46.05,49.46,280280.79
4.6,4.8,46.05,49.46,387562.22
4.8,5,46.05,49.46,545267.34
5,5.2,46.05,49.46,713443.51
5.2,5.4,46.05,49.46,825499.98
5.4,5.6,46.05,49.46,958542.69
5.6,5.8,46.05,49.46,1038431.8
5.8,6,46.05,49.46,917138.05
6,6.2,46.05,49.46,863261.82
6.2,6.4,46.05,49.46,727985.71
6.4,6.6,46.05,49.46,506877.62
6.6,6.8,46.05,49.46,358851.64
6.8,7,46.05,49.46,277856.05
7,7.2,46.05,49.46,171597.96
7.2,7.4,46.05,49.46,115823.58
7.4,7.6,46.05,49.46,32292.37
7.6,7.8,46.05,49.46,24119.27
7.8,8,46.05,49.46,15812.52
8,8.2,46.05,49.46,12300.76
8.2,8.4,46.05,49.46,2028.95
8.4,8.6,46.05,49.46,1259.01
8.6,8.8,46.05,49.46,835.5
8.8,9,46.05,49.46,500.48
9,9.2,46.05,49.46,0
9.2,9.4,46.05,49.46,0
9.4,9.6,46.05,49.46,0
9.6,9.8,46.05,49.46,0
9.8,10,46.05,49.46,0
2,2.2,49.46,53.13,11.12
2.2,2.4,49.46,53.13,66.55
2.4,2.6,49.46,53.13,245.94
2.6,2.8,49.46,53.13,713.28
2.8,3,49.46,53.13,1816.94
3,3.2,49.46,53.13,4251.73
3.2,3.4,49.46,53.13,9405.22
3.4,3.6,49.46,53.13,19291.59
3.6,3.8,49.46,53.13,36940.62
3.8,4,49.46,53.13,67637.7
4,4.2,49.46,53.13,116774.11
4.2,4.4,49.46,53.13,177682.26
4.4,4.6,49.46,53.13,272611.86
4.6,4.8,49.46,53.13,394709.16
4.8,5,49.46,53.13,532271.43
5,5.2,49.46,53.13,679553.87
5.2,5.4,49.46,53.13,794808.82
5.4,5.6,49.46,53.13,845862.14
5.6,5.8,49.46,53.13,876398.37
5.8,6,49.46,53.13,785236.66
6,6.2,49.46,53.13,745219.77
6.2,6.4,49.46,53.13,660009.41
6.4,6.6,49.46,53.13,432144.58
6.6,6.8,49.46,53.13,278412.8
6.8,7,49.46,53.13,227372.14
7,7.2,49.46,53.13,119402.27
7.2,7.4,49.46,53.13,65519.48
7.4,7.6,49.46,53.13,25061.37
7.6,7.8,49.46,53.13,17260.41
7.8,8,49.46,53.13,3663.88
8,8.2,49.46,53.13,2321.49
8.2,8.4,49.46,53.13,999.95
8.4,8.6,49.46,53.13,829.09
8.6,8.8,49.46,53.13,2253.33
8.8,9,49.46,53.13,152.18
9,9.2,49.46,53.13,0
9.2,9.4,49.46,53.13,0
9.4,9.6,49.46,53.13,0
9.6,9.8,49.46,53.13,0
9.8,10,49.46,53.13,0
2,2.2,53.13,57.14,11.81
2.2,2.4,53.13,57.14,68.88
2.4,2.6,53.13,57.14,254.44
2.6,2.8,53.13,57.14,728.55
2.8,3,53.13,57.14,1833.13
3,3.2,53.13,57.14,4310.54
3.2,3.4,53.13,57.14,9384.4
3.4,3.6,53.13,57.14,18988.22
3.6,3.8,53.13,57.14,36686.94
3.8,4,53.13,57.14,66192.7
4,4.2,53.13,57.14,115015.26
4.2,4.4,53.13,57.14,183232.18
4.4,4.6,53.13,57.14,273311.85
4.6,4.8,53.13,57.14,369798.6
4.8,5,53.13,57.14,496208.15
5,5.2,53.13,57.14,629593.82
5.2,5.4,53.13,57.14,734234.83
5.4,5.6,53.13,57.14,807980.13
5.6,5.8,53.13,57.14,818898.07
5.8,6,53.13,57.14,782143.39
6,6.2,53.13,57.14,701579.1
6.2,6.4,53.13,57.14,500197
6.4,6.6,53.13,57.14,391716.25
6.6,6.8,53.13,57.14,229374.02
6.8,7,53.13,57.14,97933.07
7,7.2,53.13,57.14,111719.53
7.2,7.4,53.13,57.14,38024.42
7.4,7.6,53.13,57.14,15713.46
7.6,7.8,53.13,57.14,10623.56
7.8,8,53.13,57.14,4063.64
8,8.2,53.13,57.14,847.68
8.2,8.4,53.13,57.14,5833.44
8.4,8.6,53.13,57.14,1504.19
8.6,8.8,53.13,57.14,158.84
8.8,9,53.13,57.14,10979.53
9,9.2,53.13,57.14,0
9.2,9.4,53.13,57.14,0
9.4,9.6,53.13,57.14,0
9.6,9.8,53.13,57.14,0
9.8,10,53.13,57.14,0
2,2.2,57.14,61.64,12.38
2.2,2.4,57.14,61.64,71.43
2.4,2.6,57.14,61.64,257.55
2.6,2.8,57.14,61.64,737.04
2.8,3,57.14,61.64,1850.16
3,3.2,57.14,61.64,4310.98
3.2,3.4,57.14,61.64,9239.19
3.4,3.6,57.14,61.64,18961.25
3.6,3.8,57.14,61.64,35940.4
3.8,4,57.14,61.64,64336.31
4,4.2,57.14,61.64,109545.75
4.2,4.4,57.14,61.64,168736.63
4.4,4.6,57.14,61.64,244112.1
4.6,4.8,57.14,61.64,336969.11
4.8,5,57.14,61.64,441203.24
5,5.2,57.14,61.64,511701.59
5.2,5.4,57.14,61.64,588102.34
5.4,5.6,57.14,61.64,579539.15
5.6,5.8,57.14,61.64,495637.61
5.8,6,57.14,61.64,423207.91
6,6.2,57.14,61.64,332845.72
6.2,6.4,57.14,61.64,257968.27
6.4,6.6,57.14,61.64,144914.55
6.6,6.8,57.14,61.64,93865.09
6.8,7,57.14,61.64,48047.46
7,7.2,57.14,61.64,40027.52
7.2,7.4,57.14,61.64,49879.86
7.4,7.6,57.14,61.64,2552.82
7.6,7.8,57.14,61.64,5216.71
7.8,8,57.14,61.64,2198.36
8,8.2,57.14,61.64,996.26
8.2,8.4,57.14,61.64,453.85
8.4,8.6,57.14,61.64,170.78
8.6,8.8,57.14,61.64,550.92
8.8,9,57.14,61.64,82.63
9,9.2,57.14,61.64,0
9.2,9.4,57.14,61.64,0
9.4,9.6,57.14,61.64,0
9.6,9.8,57.14,61.64,0
9.8,10,57.14,61.64,0
2,2.2,61.64,66.93,12.33
2.2,2.4,61.64,66.93,71.87
2.4,2.6,61.64,66.93,259.94
2.6,2.8,61.64,66.93,737.88
2.8,3,61.64,66.93,1852
3,3.2,61.64,66.93,4256.95
3.2,3.4,61.64,66.93,9298.88
3.4,3.6,61.64,66.93,18541.6
3.6,3.8,61.64,66.93,35015.93
3.8,4,61.64,66.93,62332.61
4,4.2,61.64,66.93,103310.56
4.2,4.4,61.64,66.93,162496.19
4.4,4.6,61.64,66.93,225486.6
4.6,4.8,61.64,66.93,302513.14
4.8,5,61.64,66.93,370405.07
5,5.2,61.64,66.93,440061.61
5.2,5.4,61.64,66.93,423759.39
5.4,5.6,61.64,66.93,376840.52
5.6,5.8,61.64,66.93,345788.56
5.8,6,61.64,66.93,290928.73
6,6.2,61.64,66.93,184911.8
6.2,6.4,61.64,66.93,121401.74
6.4,6.6,61.64,66.93,68672.14
6.6,6.8,61.64,66.93,39969.17
6.8,7,61.64,66.93,22496.37
7,7.2,61.64,66.93,16299.62
7.2,7.4,61.64,66.93,5268.47
7.4,7.6,61.64,66.93,2048.16
7.6,7.8,61.64,66.93,1982.09
7.8,8,61.64,66.93,855.45
8,8.2,61.64,66.93,3835.62
8.2,8.4,61.64,66.93,1311.72
8.4,8.6,61.64,66.93,90.12
8.6,8.8,61.64,66.93,10.56
8.8,9,61.64,66.93,113.3
9,9.2,61.64,66.93,0
9.2,9.4,61.64,66.93,0
9.4,9.6,61.64,66.93,0
9.6,9.8,61.64,66.93,0
9.8,10,61.64,66.93,0
2,2.2,66.93,73.74,11.96
2.2,2.4,66.93,73.74,69.71
2.4,2.6,66.93,73.74,251.55
2.6,2.8,66.93,73.74,714.27
2.8,3,66.93,73.74,1794.69
3,3.2,66.93,73.74,4183.63
3.2,3.4,66.93,73.74,9011.26
3.4,3.6,66.93,73.74,18128.15
3.6,3.8,66.93,73.74,34063.75
3.8,4,66.93,73.74,60273.31
4,4.2,66.93,73.74,96539.82
4.2,4.4,66.93,73.74,147903.75
4.4,4.6,66.93,73.74,208873.99
4.6,4.8,66.93,73.74,265517.53
4.8,5,66.93,73.74,322052.85
5,5.2,66.93,73.74,352658.02
5.2,5.4,66.93,73.74,350834.18
5.4,5.6,66.93,73.74,306934.38
5.6,5.8,66.93,73.74,254596.94
5.8,6,66.93,73.74,191906.86
6,6.2,66.93,73.74,129948.39
6.2,6.4,66.93,73.74,75408.93
6.4,6.6,66.93,73.74,42976.68
6.6,6.8,66.93,73.74,23402.64
6.8,7,66.93,73.74,12594.64
7,7.2,66.93,73.74,5598.24
7.2,7.4,66.93,73.74,3158.21
7.4,7.6,66.93,73.74,1976.17
7.6,7.8,66.93,73.74,3396.3
7.8,8,66.93,73.74,232.63
8,8.2,66.93,73.74,126.58
8.2,8.4,66.93,73.74,87.67
8.4,8.6,66.93,73.74,29.16
8.6,8.8,66.93,73.74,430.6
8.8,9,66.93,73.74,16.71
9,9.2,66.93,73.74,0
9.2,9.4,66.93,73.74,0
9.4,9.6,66.93,73.74,0
9.6,9.8,66.93,73.74,0
9.8,10,66.93,73.74,0
2,2.2,73.74,90,19.17
2.2,2.4,73.74,90,82.63
2.4,2.6,73.74,90,265.02
2.6,2.8,73.74,90,718.77
2.8,3,73.74,90,1757.7
3,3.2,73.74,90,4060.97
3.2,3.4,73.74,90,8770.76
3.4,3.6,73.74,90,17533.17
3.6,3.8,73.74,90,32131.12
3.8,4,73.74,90,57894
4,4.2,73.74,90,91439.82
4.2,4.4,73.74,90,138321.04
4.4,4.6,73.74,90,188703.52
4.6,4.8,73.74,90,247100.92
4.8,5,73.74,90,280186.88
5,5.2,73.74,90,302150.74
5.2,5.4,73.74,90,283360.72
5.4,5.6,73.74,90,252112.86
5.6,5.8,73.74,90,174087.69
5.8,6,73.74,90,119935.64
6,6.2,73.74,90,70303.52
6.2,6.4,73.74,90,44653.52
6.4,6.6,73.74,90,24297.13
6.6,6.8,73.74,90,12460.18
6.8,7,73.74,90,8453.99
7,7.2,73.74,90,4700.99
7.2,7.4,73.74,90,2451.79
7.4,7.6,73.74,90,2903.05
7.6,7.8,73.74,90,394.09
7.8,8,73.74,90,363.07
8,8.2,73.74,90,707.27
8.2,8.4,73.74,90,50.16
8.4,8.6,73.74,90,59.18
8.6,8.8,73.74,90,20.28
8.8,9,73.74,90,18.28
9,9.2,73.74,90,0
9.2,9.4,73.74,90,0
9.4,9.6,73.74,90,0
9.6,9.8,73.74,90,0
9.8,10,73.74,90,0